{"information": {"data/plants/images/train\\IMG_1810_jpeg.rf.f105a86c588ec451811f5797195ef5ec.jpg": {"shape": [640, 640], "labels": [[3.0, 0.850781261920929, 0.24609375, 0.2953124940395355, 0.48359376192092896], [2.0, 0.10390625149011612, 0.5062500238418579, 0.20781250298023224, 0.3460937440395355], [2.0, 0.5562499761581421, 0.5648437738418579, 0.3687500059604645, 0.38749998807907104], [2.0, 0.9203125238418579, 0.688281238079071, 0.15625, 0.3687500059604645], [1.0, 0.7132812738418579, 0.13750000298023224, 0.2953124940395355, 0.2750000059604645], [3.0, 0.43281251192092896, 0.19921875, 0.35624998807907104, 0.39765626192092896]]}, "data/plants/images/train\\IMG_1811_jpeg.rf.1016ed21767d5836081fb1b40fb18f1f.jpg": {"shape": [640, 640], "labels": [[2.0, 0.4359374940395355, 0.40625, 0.6156250238418579, 0.512499988079071], [2.0, 0.934374988079071, 0.6976562738418579, 0.12812499701976776, 0.4000000059604645], [1.0, 0.811718761920929, 0.08906249701976776, 0.3765625059604645, 0.17812499403953552], [3.0, 0.9320312738418579, 0.08984375, 0.1328125, 0.16640624403953552], [3.0, 0.4546875059604645, 0.14609375596046448, 0.45625001192092896, 0.2914062440395355], [2.0, 0.07109375298023224, 0.18828125298023224, 0.14218750596046448, 0.13984374701976776]]}, "data/plants/images/train\\IMG_1813_jpeg.rf.1f21e95365466a2f450fb5bec8dc1f08.jpg": {"shape": [640, 640], "labels": [[2.0, 0.5101562738418579, 0.42109376192092896, 0.9765625, 0.8335937261581421], [3.0, 0.48906248807907104, 0.13046875596046448, 0.512499988079071, 0.2601562440395355], [1.0, 0.84765625, 0.17578125, 0.30156248807907104, 0.34375]]}, "data/plants/images/train\\IMG_1815_jpeg.rf.b0bf9143ebac0dea12c9bb1b40bda390.jpg": {"shape": [640, 640], "labels": [[1.0, 0.81640625, 0.29609376192092896, 0.36406248807907104, 0.5874999761581421], [3.0, 0.538281261920929, 0.31953126192092896, 0.44218748807907104, 0.6312500238418579], [3.0, 0.885937511920929, 0.328125, 0.22499999403953552, 0.577343761920929], [2.0, 0.10234375298023224, 0.40703123807907104, 0.19843749701976776, 0.10625000298023224], [2.0, 0.5453125238418579, 0.48750001192092896, 0.574999988079071, 0.6039062738418579]]}, "data/plants/images/train\\IMG_1816_jpeg.rf.ecffae110bef56236bdd605055a8f55f.jpg": {"shape": [640, 640], "labels": [[1.0, 0.8140624761581421, 0.24843749403953552, 0.37187498807907104, 0.49687498807907104], [3.0, 0.4742187559604645, 0.28046876192092896, 0.38593751192092896, 0.5601562261581421], [2.0, 0.08203125, 0.3335937559604645, 0.1640625, 0.11249999701976776], [2.0, 0.49609375, 0.4437499940395355, 0.6640625, 0.6460937261581421]]}, "data/plants/images/train\\IMG_1817_jpeg.rf.d327bdaaf0d4a620716539e5302301c2.jpg": {"shape": [640, 640], "labels": [[3.0, 0.59765625, 0.22187499701976776, 0.4765625, 0.4437499940395355], [2.0, 0.41874998807907104, 0.3343749940395355, 0.7906249761581421, 0.668749988079071], [1.0, 0.8531249761581421, 0.1875, 0.2906250059604645, 0.375]]}, "data/plants/images/train\\IMG_1818_jpeg.rf.25ea0bdeb19e6049485787f06bb9ae3a.jpg": {"shape": [640, 640], "labels": [[3.0, 0.909375011920929, 0.22499999403953552, 0.17812499403953552, 0.44999998807907104], [2.0, 0.453125, 0.34062498807907104, 0.512499988079071, 0.5648437738418579]]}, "data/plants/images/train\\IMG_1821_jpeg.rf.3794f789420fa4f78a2e18711a86e068.jpg": {"shape": [640, 640], "labels": [[2.0, 0.34843748807907104, 0.45703125, 0.543749988079071, 0.6273437738418579], [3.0, 0.891406238079071, 0.79296875, 0.21718749403953552, 0.41093748807907104]]}, "data/plants/images/train\\IMG_1822_jpeg.rf.a1dd40eebf670fd696bf92a80467ea07.jpg": {"shape": [640, 640], "labels": [[2.0, 0.4585937559604645, 0.34062498807907104, 0.6390625238418579, 0.6812499761581421]]}, "data/plants/images/train\\IMG_1823_jpeg.rf.d8c33af832b827f8e9c9dfae118930c8.jpg": {"shape": [640, 640], "labels": [[2.0, 0.4625000059604645, 0.41328126192092896, 0.612500011920929, 0.6898437738418579]]}, "data/plants/images/train\\IMG_1824_jpeg.rf.ac2f60c869b471f11c8a156e0b39bd0f.jpg": {"shape": [640, 640], "labels": [[2.0, 0.5101562738418579, 0.36250001192092896, 0.8828125, 0.7210937738418579]]}, "data/plants/images/train\\IMG_1825_jpeg.rf.b3fa527ad6741d7335713610cafbdc1b.jpg": {"shape": [640, 640], "labels": [[2.0, 0.44218748807907104, 0.577343761920929, 0.878125011920929, 0.8414062261581421]]}, "data/plants/images/train\\IMG_1826_jpeg.rf.cc7ae4c1c0130b18f6ef3238e4a502c6.jpg": {"shape": [640, 640], "labels": [[2.0, 0.3695312440395355, 0.6148437261581421, 0.739062488079071, 0.766406238079071]]}, "data/plants/images/train\\IMG_1827_jpeg.rf.5f63f0c1da18f1182eb2711eba206b38.jpg": {"shape": [640, 640], "labels": [[2.0, 0.39921873807907104, 0.49921876192092896, 0.7984374761581421, 0.9976562261581421], [0.0, 0.866406261920929, 0.608593761920929, 0.14218750596046448, 0.20000000298023224]]}, "data/plants/images/train\\IMG_1828_jpeg.rf.9a258e0bfff0954da03d6d87805031f9.jpg": {"shape": [640, 640], "labels": [[2.0, 0.43671876192092896, 0.550000011920929, 0.8734375238418579, 0.8960937261581421], [0.0, 0.922656238079071, 0.731249988079071, 0.12968750298023224, 0.16640624403953552]]}, "data/plants/images/train\\IMG_1829_jpeg.rf.b58fd0fa74f7fd24fe646f29092963a2.jpg": {"shape": [640, 640], "labels": [[2.0, 0.09921874850988388, 0.3148437440395355, 0.19843749701976776, 0.30859375], [2.0, 0.5531250238418579, 0.590624988079071, 0.890625, 0.8101562261581421], [3.0, 0.12968750298023224, 0.07656250149011612, 0.2593750059604645, 0.15312500298023224], [3.0, 0.592968761920929, 0.09453125298023224, 0.41093748807907104, 0.18515625596046448]]}, "data/plants/images/train\\IMG_1830_jpeg.rf.e0e1b35baff2646e00b2c533b97dc674.jpg": {"shape": [640, 640], "labels": [[2.0, 0.46562498807907104, 0.585156261920929, 0.9312499761581421, 0.824999988079071]]}, "data/plants/images/train\\IMG_1832_jpeg.rf.2c6fcc4509d95742f86ff7d8ffe2c62a.jpg": {"shape": [640, 640], "labels": [[2.0, 0.49609375, 0.48750001192092896, 0.9921875, 0.9750000238418579]]}, "data/plants/images/train\\IMG_1835_jpeg.rf.a9cef2e938481d1a228061bed7497f75.jpg": {"shape": [640, 640], "labels": [[0.0, 0.2523437440395355, 0.4085937440395355, 0.3609375059604645, 0.44609373807907104], [0.0, 0.47187501192092896, 0.46562498807907104, 0.36250001192092896, 0.2562499940395355]]}, "data/plants/images/train\\IMG_1838_jpeg.rf.07292711f3d18569c9fad9cc51c0bbd9.jpg": {"shape": [640, 640], "labels": [[0.0, 0.2992187440395355, 0.4789062440395355, 0.32343751192092896, 0.25], [0.0, 0.528124988079071, 0.5023437738418579, 0.34062498807907104, 0.15000000596046448]]}, "data/plants/images/train\\IMG_1840_jpeg.rf.0c325d1d553c05f2950a0eb424297584.jpg": {"shape": [640, 640], "labels": [[0.0, 0.2718749940395355, 0.45390623807907104, 0.15000000596046448, 0.375]]}, "data/plants/images/train\\IMG_1841_jpeg.rf.4e0d707cb52f2fde084ff7daedfb1e0b.jpg": {"shape": [640, 640], "labels": [[0.0, 0.3359375, 0.38749998807907104, 0.13750000298023224, 0.4164062440395355]]}, "data/plants/images/train\\IMG_1842_jpeg.rf.9f75120431c50841ee6ec12e70f3fcdf.jpg": {"shape": [640, 640], "labels": [[0.0, 0.35234373807907104, 0.4124999940395355, 0.15468749403953552, 0.5], [0.0, 0.04531250149011612, 0.12734374403953552, 0.09062500298023224, 0.25390625]]}, "data/plants/images/train\\IMG_1843_jpeg.rf.bf379e8530aa35e47c3a8bf3679243cf.jpg": {"shape": [640, 640], "labels": [[3.0, 0.4937500059604645, 0.21875, 0.2906250059604645, 0.4375], [3.0, 0.887499988079071, 0.3125, 0.22187499701976776, 0.4789062440395355], [3.0, 0.45703125, 0.602343738079071, 0.510937511920929, 0.512499988079071], [1.0, 0.17343750596046448, 0.15937499701976776, 0.34687501192092896, 0.3148437440395355]]}, "data/plants/images/train\\IMG_1844_jpeg.rf.104eece0bcc172fdc3dceaf09316a1ba.jpg": {"shape": [640, 640],