{"information": {"data/plants/images/valid\\IMG_1812_jpeg.rf.85c084b7b848279e64c1b3b9ba4dce27.jpg": {"shape": [640, 640], "labels": [[3.0, 0.9828125238418579, 0.04921875149011612, 0.03125, 0.09765625], [2.0, 0.46796876192092896, 0.633593738079071, 0.667187511920929, 0.633593738079071], [3.0, 0.42890626192092896, 0.08046875149011612, 0.557812511920929, 0.16015625], [2.0, 0.02890625037252903, 0.19140625, 0.05781250074505806, 0.14140625298023224]]}, "data/plants/images/valid\\IMG_1814_jpeg.rf.6bd06023fc52cf2dd76cdce9d138a42b.jpg": {"shape": [640, 640], "labels": [[2.0, 0.6499999761581421, 0.3734374940395355, 0.699999988079071, 0.746874988079071], [3.0, 0.7320312261581421, 0.09765625, 0.27656251192092896, 0.19140625], [2.0, 0.10546875, 0.12421874701976776, 0.2109375, 0.13984374701976776]]}, "data/plants/images/valid\\IMG_1819_jpeg.rf.711a2e7edc0d4cc326b0155d53f0bcb6.jpg": {"shape": [640, 640], "labels": [[2.0, 0.44609373807907104, 0.40234375, 0.8359375, 0.803906261920929]]}, "data/plants/images/valid\\IMG_1831_jpeg.rf.c5a8701a428fba885c68cafdfc577345.jpg": {"shape": [640, 640], "labels": [[2.0, 0.359375, 0.6000000238418579, 0.715624988079071, 0.7710937261581421], [0.0, 0.789843738079071, 0.75390625, 0.12968750298023224, 0.16640624403953552], [3.0, 0.0703125, 0.0859375, 0.140625, 0.171875], [3.0, 0.43046873807907104, 0.19374999403953552, 0.3921875059604645, 0.38749998807907104]]}, "data/plants/images/valid\\IMG_1834_jpeg.rf.e35bf00f93a9babf065a330d04c15837.jpg": {"shape": [640, 640], "labels": [[2.0, 0.29218751192092896, 0.3648437559604645, 0.2750000059604645, 0.22890624403953552], [3.0, 0.8140624761581421, 0.375, 0.3687500059604645, 0.5335937738418579], [2.0, 0.37187498807907104, 0.659375011920929, 0.42500001192092896, 0.539843738079071], [3.0, 0.4945312440395355, 0.15859374403953552, 0.3265624940395355, 0.3125], [2.0, 0.24531249701976776, 0.16484375298023224, 0.18125000596046448, 0.22499999403953552]]}, "data/plants/images/valid\\IMG_1836_jpeg.rf.b2b762ae30a81233a9b262c1fbaa836b.jpg": {"shape": [640, 640], "labels": [[0.0, 0.28984373807907104, 0.4742187559604645, 0.39531248807907104, 0.6187499761581421], [0.0, 0.574999988079071, 0.60546875, 0.40312498807907104, 0.35624998807907104]]}, "data/plants/images/valid\\IMG_1837_jpeg.rf.f35df3900a28ca73e033e69edd86fb6c.jpg": {"shape": [640, 640], "labels": [[0.0, 0.3734374940395355, 0.47265625, 0.33125001192092896, 0.633593738079071], [0.0, 0.629687488079071, 0.59765625, 0.34062498807907104, 0.38359373807907104]]}, "data/plants/images/valid\\IMG_1849_jpeg.rf.a522c59c989f9fa083e7f9f059b2c4dd.jpg": {"shape": [640, 640], "labels": [[3.0, 0.6382812261581421, 0.23046875, 0.3734374940395355, 0.46015626192092896], [2.0, 0.18281249701976776, 0.3031249940395355, 0.26875001192092896, 0.21484375], [2.0, 0.2914062440395355, 0.508593738079071, 0.3828125, 0.375], [3.0, 0.9351562261581421, 0.57421875, 0.12656250596046448, 0.21015624701976776], [0.0, 0.5492187738418579, 0.7562500238418579, 0.04531250149011612, 0.13359375298023224], [3.0, 0.32499998807907104, 0.12187500298023224, 0.2718749940395355, 0.24375000596046448], [1.0, 0.8359375, 0.14687499403953552, 0.32499998807907104, 0.29374998807907104], [2.0, 0.09531249850988388, 0.14921875298023224, 0.18437500298023224, 0.21484375]]}, "data/plants/images/valid\\IMG_1856_jpeg.rf.ee93836cb112de0d9a22b8f50a449c4f.jpg": {"shape": [640, 640], "labels": [[3.0, 0.4671874940395355, 0.37187498807907104, 0.33125001192092896, 0.34765625], [0.0, 0.586718738079071, 0.643750011920929, 0.08281250298023224, 0.09609375149011612], [0.0, 0.6851562261581421, 0.690625011920929, 0.05156249925494194, 0.10625000298023224], [3.0, 0.80078125, 0.7757812738418579, 0.39531248807907104, 0.4437499940395355]]}, "data/plants/images/valid\\IMG_1865_jpeg.rf.44f505962858e92a158058c35bd10612.jpg": {"shape": [640, 640], "labels": [[3.0, 0.37890625, 0.4664062559604645, 0.614062488079071, 0.703906238079071]]}, "data/plants/images/valid\\IMG_1867_jpeg.rf.11f00a77f7c0386232711473990a1e26.jpg": {"shape": [640, 640], "labels": [[3.0, 0.6937500238418579, 0.40312498807907104, 0.3499999940395355, 0.4898437559604645], [3.0, 0.3531250059604645, 0.4375, 0.2906250059604645, 0.612500011920929], [3.0, 0.15312500298023224, 0.559374988079071, 0.3031249940395355, 0.4898437559604645]]}, "data/plants/images/valid\\IMG_1869_jpeg.rf.f8e947ce4cf1889845daceb064c60370.jpg": {"shape": [640, 640], "labels": [[2.0, 0.41328126192092896, 0.22187499701976776, 0.12031249701976776, 0.21875], [3.0, 0.4273437559604645, 0.390625, 0.4234375059604645, 0.39765626192092896], [3.0, 0.6273437738418579, 0.1875, 0.2578125, 0.2914062440395355]]}}, "image_hash": "f8e58342952cde731ec621bf48e026ba", "label_hash": "81019ffcce8c0b2e5c996025979df60c"}